{"A":{"0":1.4465402553,"1":0.6694355195,"2":0.126430713,"3":-1.3798662322,"4":1.3083203091,"5":1.041445104,"6":0.7559987376,"7":1.0361455983,"8":-0.785374334,"9":0.8867607978},"B":{"0":0.3623175307,"1":-1.2036957271,"2":-0.2826600503,"3":-0.2841157428,"4":-1.2274587376,"5":-1.7189310575,"6":0.7208415544,"7":-1.7408510834,"8":1.3450212986,"9":1.1604085413},"C":{"0":0.8620026387,"1":0.4596906383,"2":1.5764594478,"3":-0.7226931093,"4":0.5281544672,"5":0.9832652275,"6":-0.665195757,"7":1.4090729516,"8":-0.8936806596,"9":-0.8828444877},"D":{"0":-1.2108250205,"1":1.1938063482,"2":-1.3459598869,"3":-2.3863982345,"4":0.7630385065,"5":-1.2516152553,"6":-0.275252607,"7":-0.5243752956,"8":0.4136613943,"9":-0.6220180671},"E":{"0":-1.3717984169,"1":0.0863795965,"2":-0.2733530094,"3":-0.9344518614,"4":-1.2902231119,"5":-1.4093677151,"6":-0.2954024357,"7":-0.4749025091,"8":0.2353398233,"9":-3.287659067}}